리마,105,,,,
미야코,125,,,,
쿠우카,130,,,,
쥰,135,,,,
쿠우카,오에도,오우카,140,,
카오리,145,,,,
레이,신년,뉴이어,신레이,뉴레이,153
페코린느,155,,,,
루카,158,,,,
노조미,160,,,,
무이미,162,,,,
마코토,165,,,,
히요리,신년,뉴이어,신요리,뉴요리,170
니논,오에도,오니논,175,,
아키노,180,,,,
마츠리,185,,,,
에리코,발렌타인,발리코,187,,
아야네,성탄,크리스마스,성야네,190,
츠무기,195,,,,
히요리,200,,,,
미소기,205,,,,
아야네,210,,,,
타마키,215,,,,
토모,220,,,,
타마키,수영복,서머,수타마,225,
에리코,230,,,,
페코린느,수영복,서머,수페코,235,
쿠루미,240,,,,
지타,245,,,,
레이,250,,,,
시즈루,285,,,,
크리스티나,290,,,,
쿠루미,성탄,크리스마스,성루미,295,
미미,360,,,,
시노부,365,,,,
시즈루,발렌타인,발즈루,385,,
마히루,395,,,,
유카리,405,,,,
모니카,410,,,,
니논,415,,,,
미후유,420,,,,
이리야,425,,,,
사렌,430,,,,
안나,440,,,,
시노부,할로윈,할노부,440,,
미후유,수영복,서머,수후유,495,
콧코로,500,,,,
아유미,510,,,,
글레어,525,,,,
콧코로,수영복,서머,수코로,535,
렘,540,,,,
람,545,,,,
린,550,,,,
미츠키,565,,,,
아카리,570,,,,
요리,575,,,,
미야코,할로윈,할푸딩,590,,
아리사,625,,,,
앤,630,,,,
루,640,,,,
리노,700,,,,
스즈나,705,,,,
시오리,710,,,,
이오,715,,,,
스즈메,720,,,,
카스미,730,,,,
미사토,735,,,,
나나카,740,,,,
유이,신년,뉴이어,뉴이,745,
캬루,750,,,,
하츠네,755,,,,
미사키,760,,,,
치카,성탄,크리스마스,성치카,770,
스즈메,수영복,서머,수즈메,775,
캬루,수영복,서머,수캬루,780,
아오이,785,,,,
치카,790,,,,
마호,795,,,,
유이,800,,,,
유키,805,,,,
쿄우카,810,,,,
미사키,할로윈,할사키,815,,
